Time (secs),pThr_arrestin_avg,pThr_arrestin_std,pTyr_arrestin_avg,pTyr_arrestin_std,ppjnk3_arrestin_avg,ppjnk3_arrestin_std,pThr_noarrestin_avg,pThr_noarrestin_std,pTyr_noarrestin_avg,pTyr_noarrestin_std,ppjnk3_noarrestin_avg,ppjnk3_noarrestin_std
0,0,0.1,0.006788913,0.011758742,0,0.1,0,0.1,0.007158512,0.1,0.000449431,0.1
5,0.173711221,0.011905574,0.077822535,0.048270608,0.043569975,0.039321766,0,0.1,0,0.1,0.001257927,0.1
10,0.224766854,0.047056128,0.090164088,0.055742196,0.093540636,0.022679376,0.235365324,0.047094107,0.007903656,0.1,0.003773248,0.1
15,0.394403479,0.1560773,0.117166404,0.057323605,0.212747792,0.11659554,0.231591068,0.038639065,0.014723343,0.1,0.004231396,0.1
30,1,0.615692165,0.236037742,0.023356654,0.399102535,0.16214881,0.338944798,0.08870846,0.038619713,0.023758559,0.025096522,0.021772392
45,0.878514538,0.364405311,0.240099902,0.098370809,0.354601622,0.057130263,0.544200048,0.291980554,0.058718601,0.028516791,0.103137539,0.106357446
60,1,0.1,0.450092983,0.211014083,0.727408441,0.126222536,0.66859275,0.130651958,0.166526556,0.044497195,0.227715223,0.066589208
120,1,0.1,0.771391878,0.19798126,1,0.1,0.989734756,0.017779923,0.410728985,0.085749964,0.527304542,0.029012331
180,1,0.1,0.992342352,0.013263436,1,0.1,1,0.1,0.627318865,0.110596326,0.684903426,0.092204583